{
  "Author": "darkarchon",
  "Name": "Mare Synchronos",
  "InternalName": "MareSynchronos",
  "AssemblyVersion": "0.8.26.0",
  "Description": "This plugin will synchronize your Penumbra mods and current Glamourer state with other paired clients automatically.",
  "ApplicableVersion": "any",
  "RepoUrl": "https://github.com/Penumbra-Sync/client",
  "Tags": [
    "customization"
  ],
  "DalamudApiLevel": 8,
  "LoadRequiredState": 0,
  "LoadSync": false,
  "CanUnloadAsync": false,
  "LoadPriority": 0,
  "IconUrl": "https://raw.githubusercontent.com/Penumbra-Sync/client/main/MareSynchronos/images/logo.png",
  "Punchline": "Let others see you as you see yourself.",
  "AcceptsFeedback": true
}